eid,ename,eemailid,city
100,Tamara House,carol99@example.com,Whitestad
200,Patricia Stevens,hbradford@example.net,East Veronica
300,Victor Ryan,joseph88@example.com,Gutierrezmouth
400,David Glass,timothyroberts@example.org,East Kristenstad
500,Lori Contreras,msawyer@example.com,North Luisside
600,John Escobar,jennifersutton@example.com,Port Laura
700,Donna Phillips,iwilliams@example.org,Perkinsville
800,Julie Schaefer,gallen@example.com,Estradaburgh
900,Angela Kane,davidwilson@example.net,Robertmouth
1000,Teresa Burton,kylecox@example.com,North Andreahaven
1100,John Huffman,ramirezjohn@example.org,Lynnberg
1200,Jennifer Flores,kristina16@example.com,West Cory
1300,Morgan Hernandez,mary12@example.org,Jonesbury
1400,Catherine Smith,antonio34@example.net,Lopezmouth
1500,Kyle Lee,ggibson@example.org,Trevorton
1600,Rachael Martinez,gordonrebecca@example.net,Luketown
1700,Darryl Ayala,amy67@example.net,Lake Alexander
1800,Jacqueline Bell,devonsheppard@example.org,New Christopher
1900,Susan Mitchell,reidrebecca@example.com,Kevinfurt
2000,Ryan Brown DVM,jason18@example.org,New Christopherfort
2100,Philip Chandler,calvarado@example.com,Port Melissa
2200,Dr. Karen Cobb,mandy20@example.net,West Ashley
2300,Angel Scott,wlong@example.net,North Seanfurt
2400,Ronald Espinoza,gjones@example.com,Davisshire
2500,Matthew Nunez,scott52@example.net,Sheltonside
2600,Gene Choi,danielle71@example.net,South Williamtown
2700,Dalton Norris,charleslewis@example.net,South Brittany
2800,Charles Miller,chenjason@example.org,Port Brianstad
2900,Ashley Holden,christopher70@example.net,Moorehaven
3000,Greg Romero,smithsarah@example.com,Gutierrezmouth
3100,Kristina Zhang,vangsharon@example.com,Fordton
3200,Jennifer Tanner,princewilliam@example.org,Joseville
3300,Angela Phillips,marcus01@example.com,Cassandramouth
3400,Kimberly Lewis,amiller@example.net,North Amanda
3500,Jason Nelson,zrios@example.com,Charlesfort
3600,Mark Davis,zlee@example.net,Danielstad
3700,Jared White,steven99@example.com,Boydville
3800,Carrie Baker,jesse66@example.net,Richmondburgh
3900,Jessica Young,cunninghamsara@example.com,Port Richard
4000,Olivia Hernandez,cbray@example.com,Rosston
4100,Javier Flynn,amber85@example.net,Mayfurt
4200,Michelle Robinson,joselambert@example.com,West Michellefurt
4300,Thomas Harris,salazarsarah@example.net,Elizabethside
4400,Gregory Martin,lnovak@example.org,Kristenfurt
4500,Nancy Daniel,wandadelacruz@example.org,Orozcoberg
4600,Daniel Wolfe,johnclark@example.com,Port Sarahmouth
4700,Laura Burke,nicholasashley@example.com,Stephensonshire
4800,Reginald Harper,hogantonya@example.com,Stephanieland
4900,Aaron Dillon,suttontamara@example.net,Joshuaton
5000,Holly Schmidt,zachary50@example.net,Aaronhaven
5100,Stacey Davis,morganallison@example.com,Huntport
5200,Barbara Perez,sjones@example.net,Charlestown
5300,Laura Jackson,kimberly11@example.com,Port Brittneytown
5400,Robert Miller,josephgreen@example.net,Williamland
5500,Connie Evans,quinnsusan@example.com,North Tinaberg
5600,Suzanne Hughes,ericwillis@example.org,West Austinbury
5700,Lee Moore,vmiller@example.org,Jeffreybury
5800,Kathy Huffman,millernancy@example.com,Craigborough
5900,Jeffrey Taylor,dana13@example.net,Lindsayfort
6000,William Moreno,jwhitaker@example.net,East Ronaldtown
6100,Sarah Johnson,murraysean@example.com,Englishtown
6200,Christine Mckay,pflores@example.net,Watsonburgh
6300,Ashley Jones,lstone@example.com,Robertburgh
6400,Sara Brewer,gloriaramsey@example.net,West James
6500,Marcus Boone,rhonda74@example.net,Johnstonstad
6600,Jane Petersen,megan61@example.org,Pamelatown
6700,Samantha Morgan,marydrake@example.net,South Chloe
6800,Amy West,martin49@example.org,Allenstad
6900,Harry Bright,ariaslauren@example.org,Liview
7000,Tristan Dean,nelsonanthony@example.com,Rodriguezburgh
7100,Mark Lee,benjamin04@example.net,Ericfurt
7200,Robert Diaz,castrocheryl@example.org,East Wendyfurt
7300,Eric Wiggins,wkim@example.net,South Wyatt
7400,Barbara Johnson,pricebilly@example.com,Rogerbury
7500,April Kennedy,jose40@example.com,Benjaminborough
7600,Paige Anderson,stephanie81@example.net,Samuelside
7700,Russell Miller,rick72@example.net,Lake Tylermouth
7800,Matthew Logan,barronnicole@example.org,West Brent
7900,Alex Anderson,nbaker@example.org,Johnland
8000,John Thompson,amy54@example.org,East Tonya
8100,David Francis,craiggamble@example.org,Ryanville
8200,Mark Patton,boydadrienne@example.org,Lukeshire
8300,Angela Stewart,owilliams@example.org,Gregoryberg
8400,Daniel Hines,sandrahobbs@example.org,Williamsside
8500,Monica Drake,brandiwilliams@example.org,New Anthony
8600,Heather Reid,kramerdavid@example.org,Brownhaven
8700,Nicholas Evans,savagemegan@example.com,Christinebury
8800,Lisa Nguyen,pmartinez@example.org,Aliceshire
8900,Deanna Mills,carrillobethany@example.org,North Lauraport
9000,Mrs. Debra Pierce,evansbrianna@example.net,Lake Tyler
9100,Jennifer Santiago,cmcmahon@example.org,Lake Kaitlin
9200,Cristina Valencia,tammy04@example.org,North Brianfurt
9300,Kirsten Willis,wpeters@example.net,New Melissa
9400,Sarah Ruiz,crawfordpaul@example.net,Dannyhaven
9500,Natalie Pena,nathannelson@example.com,Leahhaven
9600,Jill Tapia,fchen@example.org,South Vernon
9700,Alexis Smith,timothysmith@example.net,Millerburgh
9800,Terry Cohen,gabriellemartinez@example.com,Meghanside
9900,Christopher Berger,heather86@example.org,West Lorrainefurt
10000,Wendy Turner,clarkchristopher@example.net,West Jeffrey
